batch,time,x1,x2
batch 1,0.0,-4.0,0.0
batch 1,0.05,-3.9700374816980784,0.5985011105507041
batch 1,0.1,-3.8805988023220763,1.1880359342933364
batch 1,0.15000000000000002,-3.7330238489652983,1.7597724777575587
batch 1,0.2,-3.5295234787212046,2.3051453983997785
batch 1,0.25,-3.2731464072800436,2.8159843290009796
batch 1,0.30000000000000004,-2.967733484034199,3.2846362568707503
batch 1,0.35000000000000003,-2.6178601827103334,3.704080187469153
batch 1,0.4,-2.228768099342427,4.068032378642622
batch 1,0.45,-1.806286245964249,4.371040314384177
batch 1,0.5,-1.356743941185263,4.608564553959841
batch 1,0.55,-0.8868759029621959,4.777046694051307
batch 1,0.6000000000000001,-0.4037213459801468,4.873962660808588
batch 1,0.65,0.08548146506060983,4.897860530760751
batch 1,0.7000000000000001,0.5734036656223189,4.8483822862711845
batch 1,0.75,1.052735556683373,4.726269168016236
batch 1,0.8,1.5162961409138553,4.533350584099658
batch 1,0.8500000000000001,1.9571406988968503,4.2725166987822005
batch 1,0.9,2.3686648246381874,3.9476751323792842
batch 1,0.9500000000000001,2.7447033685027056,3.5636924207748613
batch 1,1.0,3.0796227996232544,3.126321108605764
batch 1,1.05,3.3684056030665546,2.6421135687916175
batch 1,1.1,3.6067254487499656,2.1183238401088613
batch 1,1.1500000000000001,3.7910120052325307,1.5627989522570047
batch 1,1.2000000000000002,3.918504427786847,0.9838613676468151
batch 1,1.25,3.987292719327754,0.39018430034776697
batch 1,1.3,3.99634634457502,-0.20933821953959533
batch 1,1.35,3.945529668765721,-0.8057245896690622
batch 1,1.4000000000000001,3.835603989635408,-1.3900401911517133
batch 1,1.4500000000000002,3.6682161322181,-1.953531240391894
batch 1,1.5,3.445873776149121,-2.4877559312845574
batch 1,1.55,3.1719078914072365,-2.9847109050944907
batch 1,1.6,2.850422831974715,-3.4369511507117414
batch 1,1.6500000000000001,2.48623485195927,-3.837701535613053
batch 1,1.7000000000000002,2.084799951505788,-4.180958310469645
batch 1,1.75,1.6521321289382978,-4.46157906355109
batch 1,1.8,1.1947132900176496,-4.675359747894434
batch 1,1.85,0.7193961440709993,-4.819097660851721
batch 1,1.9000000000000001,0.23330154000205788,-4.890639427783759
batch 1,1.9500000000000002,-0.2562882301308282,-4.888913267484291
batch 1,2.0,-0.7420384763470291,-4.8139450289449055
batch 1,2.0500000000000003,-1.2166720543537217,-4.666857835315098
batch 1,2.1,-1.6730783514227658,-4.449855235396926
batch 1,2.15,-2.1044198285391613,-4.166188201876346
batch 1,2.2,-2.5042344473713176,-3.8201064241401927
batch 1,2.25,-2.86653245372524,-3.416794663388471
batch 1,2.3000000000000003,-3.1858862447872465,-2.962294998539755
batch 1,2.35,-3.4575114502633277,-2.4634164153256317
batch 1,2.4000000000000004,-3.677338777764981,-1.9276327518899967
batch 1,2.45,-3.8420749328254487,-1.3629707224863583
batch 1,2.5,-3.949251962765401,-0.7778896755074348
batch 1,2.5500000000000003,-3.9972642271796395,-0.1811548598509291
batch 1,2.6,-3.98539243893843,0.4182938858219968
batch 1,2.6500000000000004,-3.9138144544148115,1.0114760640719656
batch 1,2.7,-3.7836025916062592,1.5895050595190212
batch 1,2.75,-3.596707598740737,2.1437212661624434
batch 1,2.8000000000000003,-3.355929396682177,2.6658218278230974
batch 1,2.85,-3.0648751460438994,3.1479850218407237
batch 1,2.9000000000000004,-2.727905206852728,3.582987434803896
batch 1,2.95,-2.3500678124063596,3.9643121845701295
batch 1,3.0,-1.9370234434642304,4.286246545075589
batch 1,3.0500000000000003,-1.4949600237066631,4.543967535480873
batch 1,3.1,-1.0305002209785123,4.7336141698635
batch 1,3.1500000000000004,-0.5506022446026541,4.852345295575727
batch 1,3.2,-0.06245553718546587,4.898382194554972
batch 1,3.25,0.42662684378806703,4.8710351643952565
batch 1,3.3000000000000003,0.9093178200603095,4.770713892916202
batch 1,3.35,1.3783860660180107,4.59892131536884
batch 1,3.4000000000000004,1.8268043502343179,4.3582311018129065
batch 1,3.45,2.2478548062004133,4.052249098038201
batch 1,3.5,2.6352295673869905,3.685559298660797
batch 1,3.5500000000000003,2.983125271773618,3.2636551793672686
batch 1,3.6,3.286330003958639,2.7928573943448547
batch 1,3.6500000000000004,3.540301375043629,2.280219087702794
batch 1,3.7,3.7412345737136237,1.7334202260429157
batch 1,3.75,3.8861193732596937,1.160652550228632
batch 1,3.8000000000000003,3.9727852093544316,0.5704968320546538
batch 1,3.85,3.999933712432224,-0.028205659218197066
batch 1,3.9000000000000004,3.9671581661189896,-0.6264855964904079
batch 1,3.95,3.874949593628106,-1.2153799908596334
batch 1,4.0,3.7246893952532107,-1.7860664614223252
batch 1,4.05,3.5186286616435916,-2.329995400504079
batch 1,4.1000000000000005,3.2598544379207746,-2.8390180784508217
batch 1,4.15,2.9522434892153417,-3.305508684710345
batch 1,4.2,2.600404214477814,-3.7224786079791214
batch 1,4.25,2.209607608922424,-4.083681117854583
batch 1,4.3,1.7857082975107805,-4.3837049358034585
batch 1,4.3500000000000005,1.3350568276552068,-4.618055333812176
batch 1,4.4,0.8644045249468225,-4.783221446868342
batch 1,4.45,0.3808023528965579,-4.876728879350287
batch 1,4.5,-0.10850471581647347,-4.897176775161187
batch 1,4.55,-0.5961862478453862,-4.844258797354961
batch 1,4.6000000000000005,-1.0749361597670417,-4.718767722857207
batch 1,4.65,-1.5375821764933355,-4.522583564297876
batch 1,4.7,-1.9771932771026535,-4.258645407898596
batch 1,4.75,-2.387183533983171,-3.9309073798360754
batch 1,4.800000000000001,-2.7614107754632933,-3.5442794045359705
batch 1,4.8500000000000005,-3.094268605035905,-3.104553657537813
batch 1,4.9,-3.380770393699246,-2.6183177861955245
batch 1,4.95,-3.6166239843199732,-2.0928562170878413
batch 2,0.0,-4.0,-1.0
batch 2,0.05,-4.069787665472479,-0.3940082750809659
batch 2,0.1,-4.078604791091251,0.2178862182178505
batch 2,0.15000000000000002,-4.026319277700814,0.8265165013493235
batch 2,0.2,-3.9137144284455823,1.4227645244530676
batch 2,0.25,-3.742477208475709,1.9976977411798416
batch 2,0.30000000000000004,-3.5151729471590425,2.542702917225866
batch 2,0.35000000000000003,-3.2352069665905208,3.0496151893572363
batch 2,0.4,-2.9067735088768143,3.5108403709369638
batch 2,0.45,-2.5347929362200716,3.9194687396780967
batch 2,0.5,-2.1248379682121086,4.269378505002701
batch 2,0.55,-1.6830503218002115,4.555327671827634
batch 2,0.6000000000000001,-1.2160484462926657,4.773032291655822
batch 2,0.65,-0.7308286238543893,4.919230864287245
batch 2,0.7000000000000001,-0.23466006505070738,4.9917331626475665
batch 2,0.75,0.2650239950222991,4.989453015069092
batch 2,0.8,0.7607376618873953,4.912424580317335
batch 2,0.8500000000000001,1.2450545219205407,4.761801841614408
batch 2,0.9,1.7107188969079248,4.539841317212597
batch 2,0.9500000000000001,2.1507545321246453,4.249868261786026
batch 2,1.0,2.558569197261327,3.8962268249451686
batch 2,1.05,2.928053274582348,3.484214998208527
batch 2,1.1,3.2536714212577507,3.0200052439173497
batch 2,1.1500000000000001,3.530545465984918,2.5105520053812818
batch 2,1.2000000000000002,3.754527494571034,1.9634875359085953
batch 2,1.25,3.922261972918224,1.387007548775773
batch 2,1.3,4.031236027903789,0.7897484409785651
batch 2,1.35,4.079817091142331,0.18065790596822529
batch 2,1.4000000000000001,4.067277357112444,-0.4311391133495652
batch 2,1.4500000000000002,3.99380468652854,-1.036477127185786
batch 2,1.5,3.8604997922921482,-1.6262874100030729
batch 2,1.55,3.669359749485717,-2.1917338608860404
batch 2,1.6,3.4232480764776647,-2.724345380089127
batch 2,1.6500000000000001,3.1258518357043688,-3.2161427761094585
batch 2,1.7000000000000002,2.781626397016278,-3.6597583044063167
batch 2,1.75,2.3957286910193547,-4.048546045518305
batch 2,1.8,1.9739399477229014,-4.376681465420352
batch 2,1.85,1.5225790994861532,-4.6392486852242865
batch 2,1.9000000000000001,1.0484080984738977,-4.832314116606455
batch 2,1.9500000000000002,0.5585306240942873,-4.952985397076864
batch 2,2.0,0.06028566030256646,-4.999454718442376
batch 2,2.0500000000000003,-0.438862455530902,-4.971025913655092
batch 2,2.1,-0.931435870165238,-4.868124884678829
batch 2,2.15,-1.4100552042512247,-4.692293213595256
batch 2,2.2,-1.867550132252048,-4.446165079225347
batch 2,2.25,-2.2970668064898763,-4.133427791898032
batch 2,2.3000000000000003,-2.6921705276073893,-3.758766550443311
batch 2,2.35,-3.046942144129462,-3.327794252160864
batch 2,2.4000000000000004,-3.3560667311279526,-2.84696740579136
batch 2,2.45,-3.614913212626793,-2.323489401637783
batch 2,2.5,-3.8196037422405826,-1.7652025996302831
batch 2,2.5500000000000003,-3.967071797977125,-1.1804708388014489
batch 2,2.6,-4.055108122552679,-0.5780541373726209
batch 2,2.6500000000000004,-4.082393820886203,0.03302254390605819
batch 2,2.7,-4.048520118749452,0.6436045068120115
batch 2,2.75,-3.9539944867793926,1.2445444645963861
batch 2,2.8000000000000003,-3.800233035828067,1.826839579800621
batch 2,2.85,-3.5895393078165614,2.381766336884443
batch 2,2.9000000000000004,-3.325069760071651,2.9010112341410395
batch 2,2.95,-3.010786480227301,3.376795329629143
batch 2,3.0,-2.651397828036412,3.8019907778430566
batch 2,3.0500000000000003,-2.252287903246611,4.1702276098621
batch 2,3.1,-1.819435871870141,4.47598918149068
batch 2,3.1500000000000004,-1.3593264014096302,4.714694800895057
batch 2,3.2,-0.8788525100126181,4.882768357948544
batch 2,3.25,-0.38521230148832014,4.97769189898049
batch 2,3.3000000000000003,0.11419886996772327,4.998043348946532
batch 2,3.35,0.6118991866254981,4.94351781737537
batch 2,3.4000000000000004,1.1004325177711745,4.814932178550991
batch 2,3.45,1.5724799861608043,4.614212788073318
batch 2,3.5,2.0209697189478444,4.344366677635159
batch 2,3.5500000000000003,2.439182774726488,4.009436477737862
batch 2,3.6,2.820853802767205,3.6144398709849037
batch 2,3.6500000000000004,3.1602648883181197,3.16529440100953
batch 2,3.7,3.452331226846646,2.6687288345891855
batch 2,3.75,3.6926772975228372,2.132182349488882
batch 2,3.8000000000000003,3.8777024132483193,1.5636930868245338
batch 2,3.85,4.004634664348175,0.9717777310059198
batch 2,3.9000000000000004,4.0715724459821026,0.36530391972699805
batch 2,3.95,4.077512945596974,-0.24664260633651092
batch 2,4.0,4.022367166961847,-0.8548941172426024
batch 2,4.05,3.906961262610966,-1.4503382400213711
batch 2,4.1000000000000005,3.733024157641429,-2.0240544713350865
batch 2,4.15,3.5031616491302255,-2.567447819506554
batch 2,4.2,3.220817362111045,-3.072377565779373
batch 2,4.25,2.89022117557129,-3.5312792263175217
batch 2,4.3,2.5163258350878106,-3.937277876252367
batch 2,4.3500000000000005,2.104732765070322,-4.284291145152967
batch 2,4.4,1.6616081493266008,-4.56712033628778
batch 2,4.45,1.1935905580244361,-4.781528309959383
batch 2,4.5,0.7076914663390066,-4.924302980295309
batch 2,4.55,0.21119026037603084,-4.99330539283693
batch 2,4.6000000000000005,-0.28847483828875,-4.987501798556628
batch 2,4.65,-0.7838182190623395,-4.906979143818804
batch 2,4.7,-1.2674190165448436,-4.752943762022326
batch 2,4.75,-1.7320322816048024,-4.527703296778645
batch 2,4.800000000000001,-2.1706975220410776,-4.234632132560507
batch 2,4.8500000000000005,-2.5768429796423624,-3.878120844792545
batch 2,4.9,-2.94438408411418,-3.4635104225563893
batch 2,4.95,-3.2678146066231553,-2.9970122528125516
batch 3,0.0,-4.0,-2.0
batch 3,0.05,-4.169537844602942,-1.3865176609527803
batch 3,0.1,-4.276610775028021,-0.7522634991225008
batch 3,0.15000000000000002,-4.319614681020128,-0.10673948083124067
batch 3,0.2,-4.297905290344896,0.5403836264106574
batch 3,0.25,-4.211807867045121,1.1794110944800957
batch 3,0.30000000000000004,-4.062612252022021,1.8007694860777959
batch 3,0.35000000000000003,-3.8525536105220644,2.3951500775229886
batch 3,0.4,-3.584778883207539,2.953648308465702
batch 3,0.45,-3.2632996540483017,3.467897165842832
batch 3,0.5,-2.892932076817952,3.930192542717921
batch 3,0.55,-2.4792247560119667,4.333608690902113
batch 3,0.6000000000000001,-2.0283755432950805,4.672101946548124
batch 3,0.65,-1.5471386971684684,4.940601219943754
batch 3,0.7000000000000001,-1.0427237629008488,5.135084064208321
batch 3,0.75,-0.5226875155319632,5.252636884428414
batch 3,0.8,0.005179249190858893,5.291498591338544
batch 3,0.8500000000000001,0.5329684231575484,5.251086987856217
batch 3,0.9,1.0527730548685565,5.132007490457637
batch 3,0.9500000000000001,1.5568058059646934,4.936044063386857
batch 3,1.0,2.037515683813584,4.666132486449403
batch 3,1.05,2.4877010155837973,4.32631636384912
batch 3,1.1,2.900617447115959,3.921686573884925
batch 3,1.1500000000000001,3.2700789690137686,3.458304975879341
batch 3,1.2000000000000002,3.590550592205787,2.9431136143720242
batch 3,1.25,3.8572312453533755,2.383830702133468
batch 3,1.3,4.0661257177410555,1.78883500345975
batch 3,1.35,4.2141045101372,1.1670403052250882
batch 3,1.4000000000000001,4.298950714673921,0.527761873901776
batch 3,1.4500000000000002,4.319393226005142,-0.11942309891089697
batch 3,1.5,4.275125790477969,-0.7648189651599837
batch 3,1.55,4.166811583922555,-1.3987568870068612
batch 3,1.6,3.9960732918071864,-2.011739671927455
batch 3,1.6500000000000001,3.765468790358325,-2.594584066633577
batch 3,1.7000000000000002,3.4784528253489255,-3.1385583295730117
batch 3,1.75,3.1393252566504573,-3.635513040444154
batch 3,1.8,2.753166637989692,-4.078003190912995
batch 3,1.85,2.3257621038078797,-4.459399711777657
batch 3,1.9000000000000001,1.8635147271495138,-4.77398880983874
batch 3,1.9500000000000002,1.3733495512621585,-5.0170575413985405
batch 3,2.0,0.8626098701018045,-5.184964433139797
batch 3,2.0500000000000003,0.338947206946435,-5.27519402841667
batch 3,2.1,-0.18979330619298518,-5.286394573392984
batch 3,2.15,-0.7156904880671098,-5.218398275646996
batch 3,2.2,-1.230865726601777,-5.072223799106356
batch 3,2.25,-1.727601043446938,-4.850061020872301
batch 3,2.3000000000000003,-2.1984547201306768,-4.55523821982028
batch 3,2.35,-2.636372776810845,-4.19217221329523
batch 3,2.4000000000000004,-3.0347946493849847,-3.766302187381882
batch 3,2.45,-3.387751476941406,-3.2840082121073295
batch 3,2.5,-3.689955521317504,-2.752515657345932
batch 3,2.5500000000000003,-3.9368793853699398,-2.1797869513882095
batch 3,2.6,-4.124823838561894,-1.5744022910663389
batch 3,2.6500000000000004,-4.250973236243199,-0.9454311012119208
batch 3,2.7,-4.313437701531491,-0.3022961621605042
batch 3,2.75,-4.3112814379733955,0.345367554500956
batch 3,2.8000000000000003,-4.244536749057859,0.9878572312662481
batch 3,2.85,-4.114203552176717,1.6155475626542333
batch 3,2.9000000000000004,-3.9222344049679623,2.219034956247442
batch 3,2.95,-3.6715052471739007,2.789278411402772
batch 3,3.0,-3.3657723173401726,3.3177349631765742
batch 3,3.0500000000000003,-3.0096158795572996,3.79648766739059
batch 3,3.1,-2.608371606254426,4.218364204890256
batch 3,3.1500000000000004,-2.168050657565762,4.577044316820544
batch 3,3.2,-1.6952495682754103,4.8671545678753265
batch 3,3.25,-1.1970514934478529,5.084348726782344
batch 3,3.3000000000000003,-0.6809200832362537,5.2253729316892805
batch 3,3.35,-0.15458763408405357,5.288114464639047
batch 3,3.4000000000000004,0.3740607325291848,5.271633381869518
batch 3,3.45,0.8971051995783643,5.176176592356412
batch 3,3.5,1.4067099021971414,5.003174159010373
batch 3,3.5500000000000003,1.8952403197528693,4.755217873278843
batch 3,3.6,2.35537765010263,4.436022432568232
batch 3,3.6500000000000004,2.7802284560533317,4.0503697889890065
batch 3,3.7,3.163427938800102,3.604037505471496
batch 3,3.75,3.499235287047577,3.1037122019498833
batch 3,3.8000000000000003,3.7826196727665478,2.5568893972113322
batch 3,3.85,4.009335653005737,1.9717611779171866
batch 3,3.9000000000000004,4.175986739481805,1.3570934981141622
batch 3,3.95,4.280076291356978,0.7220948519330761
batch 3,4.0,4.32004491575345,0.0762783176635271
batch 3,4.05,4.29529383671562,-0.5706809913363845
batch 3,4.1000000000000005,4.206193845450301,-1.2090907694837267
batch 3,4.15,4.054079774813662,-1.8293868482407336
batch 3,4.2,3.841230485213437,-2.4222764092961606
batch 3,4.25,3.5708347267587675,-2.978877218179444
batch 3,4.3,3.2469433765871747,-3.4908506775857284
batch 3,4.3500000000000005,2.8744087263332,-3.950526815387708
batch 3,4.4,2.458811805212972,-4.351019112755515
batch 3,4.45,2.0063787812188787,-4.686327671545264
batch 3,4.5,1.5238876786010254,-4.951429131751602
batch 3,4.55,1.0185668198190034,-5.142351937869342
batch 3,4.6000000000000005,0.49798654622771205,-5.25623583962227
batch 3,4.65,-0.0300541950857273,-5.291374707621329
batch 3,4.7,-0.5576446876439703,-5.24724211940799
batch 3,4.75,-1.0768809629698668,-5.124499228380124
batch 3,4.800000000000001,-1.5799842030306424,-4.924984888234141
batch 3,4.8500000000000005,-2.059417288476527,-4.651688071175016
batch 3,4.9,-2.507997710413059,-4.308703109276139
batch 3,4.95,-2.9190051677175792,-3.90116835005486
batch 4,0.0,-4.0,-3.0
batch 4,0.05,-4.269288019066662,-2.3790270475052013
batch 4,0.1,-4.474616753837617,-1.7224132177216245
batch 4,0.15000000000000002,-4.612910092074662,-1.0399954664761282
batch 4,0.2,-4.682096219444975,-0.341997278395538
batch 4,0.25,-4.681138679060821,0.36112444840877245
batch 4,0.30000000000000004,-4.610051773268364,1.0588360834081403
batch 4,0.35000000000000003,-4.469900485438528,1.7406850204418138
batch 4,0.4,-4.262784460537319,2.396456304185924
batch 4,0.45,-3.991806556883237,3.0163256557653533
batch 4,0.5,-3.661026365414591,3.5910066496564594
batch 4,0.55,-3.2753993986351486,4.111889825313492
batch 4,0.6000000000000001,-2.840702820527451,4.57117173630549
batch 4,0.65,-2.3634489283477653,4.961971755455553
batch 4,0.7000000000000001,-1.8507875915906948,5.278435191279767
batch 4,0.75,-1.3103991280279899,5.515821012981667
batch 4,0.8,-0.7503792359773193,5.670572883453055
batch 4,0.8500000000000001,-0.17911771676240673,5.740372433000407
batch 4,0.9,0.39482721271001514,5.724173973665705
batch 4,0.9500000000000001,0.9628571343816277,5.622220180070169
batch 4,1.0,1.5164622445740599,5.436038441012594
batch 4,1.05,2.0473488399030435,5.1684180005805525
batch 4,1.1,2.547563570908868,4.823368150244304
batch 4,1.1500000000000001,3.009612591319779,4.406058171089565
batch 4,1.2000000000000002,3.4265738236852235,3.9227398932905784
batch 4,1.25,3.79220066490576,3.380654033125574
batch 4,1.3,4.1010155651579225,2.7879217186137772
batch 4,1.35,4.348392088385714,2.153422826228783
batch 4,1.4000000000000001,4.530624222304424,1.4866629493119294
batch 4,1.4500000000000002,4.644981893194172,0.7976310134868008
batch 4,1.5,4.689751903801757,0.0966495317008906
batch 4,1.55,4.664263526850675,-0.6057798934436283
batch 4,1.6,4.568898607056079,-1.2991339723403097
batch 4,1.6500000000000001,4.40508582827685,-1.9730253830262205
batch 4,1.7000000000000002,4.175279314587949,-2.617358386998684
batch 4,1.75,3.8829218584780723,-3.2224800678624153
batch 4,1.8,3.532393342301912,-3.779324940153461
batch 4,1.85,3.1289451241821933,-4.279550765857566
batch 4,1.9000000000000001,2.6786213660490925,-4.715663529471527
batch 4,1.9500000000000002,2.1881684881222587,-5.081129712344282
batch 4,2.0,1.6649340920192968,-5.370474173137927
batch 4,2.0500000000000003,1.116756888017751,-5.5793621682321675
batch 4,2.1,0.5518492597673663,-5.704664293431334
batch 4,2.15,-0.021325748847122347,-5.74450336051608
batch 4,2.2,-0.5941813004176133,-5.698282551417906
batch 4,2.25,-1.1581352715487472,-5.566694290924339
batch 4,2.3000000000000003,-1.7047389142173437,-5.351709937861017
batch 4,2.35,-2.2258034169105,-5.056550225566515
batch 4,2.4000000000000004,-2.7135225822111058,-4.68563702326323
batch 4,2.45,-3.160589762351078,-4.244527076138427
batch 4,2.5,-3.5603073282712123,-3.7398287679087554
batch 4,2.5500000000000003,-3.906687007416825,-3.17910311405029
batch 4,2.6,-4.194539595974045,-2.5707504912827264
batch 4,2.6500000000000004,-4.419552699551181,-1.923884787761472
batch 4,2.7,-4.578355339699106,-1.2481968673367114
batch 4,2.75,-4.66856845268596,-0.55380938504651
batch 4,2.8000000000000003,-4.688840524040504,0.14887486751801726
batch 4,2.85,-4.63886785708727,0.849328787690253
batch 4,2.9000000000000004,-4.519399107166541,1.5370586935321016
batch 4,2.95,-4.332224068008057,2.201761520961218
batch 4,3.0,-4.080146856983922,2.8334791870554166
batch 4,3.0500000000000003,-3.7669439070339417,3.422747767598578
batch 4,3.1,-3.397307393332767,3.960739273892262
batch 4,3.1500000000000004,-2.9767749360142206,4.439393919503987
batch 4,3.2,-2.511646640923347,4.851540851424827
batch 4,3.25,-2.008890716233287,5.19100559116044
batch 4,3.3000000000000003,-1.4760390787227544,5.452702529498593
batch 4,3.35,-0.9210745172337786,5.632711117592336
batch 4,3.4000000000000004,-0.3523110997618834,5.728334600189887
batch 4,3.45,0.22173038180811727,5.738140416689713
batch 4,3.5,0.7924500635512317,5.661981663462212
batch 4,3.5500000000000003,1.351297845761188,5.50099929434371
batch 4,3.6,1.8899014849663818,5.2576050279329065
batch 4,3.6500000000000004,2.4001920195821485,4.9354452146020495
batch 4,3.7,2.874524654493017,4.539346217033719
batch 4,3.75,3.3057932897509166,4.07524209685287
batch 4,3.8000000000000003,3.6875369784699155,3.5500857181461614
batch 4,3.85,4.014036708215194,2.9717445996945653
batch 4,3.9000000000000004,4.280401111528175,2.34888301584425
batch 4,3.95,4.482639719117491,1.690832212411074
batch 4,4.0,4.61772274449715,1.0074506170193755
batch 4,4.05,4.683626473696178,0.30897614587179595
batch 4,4.1000000000000005,4.679363592328517,-0.39412721071662365
batch 4,4.15,4.604997948551434,-1.0913260309390809
batch 4,4.2,4.461643639072442,-1.7721754163587908
batch 4,4.25,4.251448290470568,-2.4264753840865074
batch 4,4.3,3.977560893552118,-3.044423694323658
batch 4,4.3500000000000005,3.644084629480728,-3.6167626976956475
batch 4,4.4,3.256015393790962,-4.13491803770739
batch 4,4.45,2.8191669501708865,-4.591127100651475
batch 4,4.5,2.340083837938327,-4.978555302044525
batch 4,4.55,1.8259433244953795,-5.291398479281986
batch 4,4.6000000000000005,1.284447882649503,-5.524969847489068
batch 4,4.65,0.7237097965503609,-5.675770212956678
batch 4,4.7,0.15212963459303225,-5.741540395445453
batch 4,4.75,-0.4217296556560004,-5.721295096429533
batch 4,4.800000000000001,-0.9892709063014662,-5.61533758773963
batch 4,4.8500000000000005,-1.5419916275633052,-5.425255246767073
batch 4,4.9,-2.071611367717902,-5.153895743146357
batch 4,4.95,-2.570195762537856,-4.805324391849687
batch 5,0.0,-4.0,-4.0
batch 5,0.05,-4.369038272125409,-3.3715362955037365
batch 5,0.1,-4.672622819925969,-2.692562739797475
batch 5,0.15000000000000002,-4.906205542751878,-1.973251284199427
batch 5,0.2,-5.0662871480371745,-1.224378003632321
batch 5,0.25,-5.150469387445989,-0.45716199983129613
batch 5,0.30000000000000004,-5.157491130412612,0.3169028542391019
batch 5,0.35000000000000003,-5.087247161879191,1.0862201078350098
batch 5,0.4,-4.940789818701379,1.8392644179568938
batch 5,0.45,-4.7203132223245605,2.56475423168729
batch 5,0.5,-4.429120388447228,3.251820798351207
batch 5,0.55,-4.071573748161965,3.8901709913632865
batch 5,0.6000000000000001,-3.653029805556376,4.4702415216261935
batch 5,0.65,-3.179758843814798,4.983342160850755
batch 5,0.7000000000000001,-2.658851167299182,5.4217861212380285
batch 5,0.75,-2.09811053931859,5.779004894769287
batch 5,0.8,-1.5059375606326793,6.049646883841445
batch 5,0.8500000000000001,-0.8912037398342465,6.229657545440006
batch 5,0.9,-0.263118563651964,6.3163400952989575
batch 5,0.9500000000000001,0.36890845900610836,6.308395918410082
batch 5,1.0,0.995408767057604,6.205944028962844
batch 5,1.05,1.6069965875343746,6.01051928680024
batch 5,1.1,2.1945095828101264,5.725049404067209
batch 5,1.1500000000000001,2.7491460912240795,5.3538110724864945
batch 5,1.2000000000000002,3.262596932702384,4.9023659045465795
batch 5,1.25,3.7271699560298814,4.377477121113545
batch 5,1.3,4.135905272080029,3.7870082140040138
batch 5,1.35,4.482679521858872,3.1398051549815156
batch 5,1.4000000000000001,4.762297586655939,2.445563857910697
batch 5,1.4500000000000002,4.970570437597676,1.7146849341844177
batch 5,1.5,5.104377891960518,0.9581178744358566
batch 5,1.55,5.161715336814273,0.187196996614905
batch 5,1.6,5.141723787808819,-0.5865283306014161
batch 5,1.6500000000000001,5.044702744403328,-1.3514667274847942
batch 5,1.7000000000000002,4.872105702428736,-2.0961584572725203
batch 5,1.75,4.6265183800248,-2.809447097330616
batch 5,1.8,4.311619982858798,-3.480646686710141
batch 5,1.85,3.932128088174906,-4.09970180910577
batch 5,1.9000000000000001,3.4937279632785447,-4.6573382396026
batch 5,1.9500000000000002,3.002987392936753,-5.145201884458994
batch 5,2.0,2.467258273126203,-5.555983913795846
batch 5,2.0500000000000003,1.894566518826533,-5.883530307800463
batch 5,2.1,1.2934917730165063,-6.1229340084134
batch 5,2.15,0.6730388916822923,-6.270608446902118
batch 5,2.2,0.04250304645220471,-6.3243412726634585
batch 5,2.25,-0.5886695579021917,-6.283327507058709
batch 5,2.3000000000000003,-1.2110231535600424,-6.14818158199133
batch 5,2.35,-1.8152340944635614,-5.920928152914111
batch 5,2.4000000000000004,-2.3922505414076216,-5.604971762616881
batch 5,2.45,-2.9334280629212928,-5.205045836527653
batch 5,2.5,-3.430659138008189,-4.727141768573646
batch 5,2.5500000000000003,-3.8764946192747924,-4.178419163987772
batch 5,2.6,-4.2642553294740795,-3.5670985775606834
batch 5,2.6500000000000004,-4.588132124875505,-2.902338361954185
batch 5,2.7,-4.843272923184552,-2.1940974621165297
batch 5,2.75,-5.025855393893999,-1.4529862187573217
batch 5,2.8000000000000003,-5.133144221619306,-0.6901074115109407
batch 5,2.85,-5.163532084556558,0.08311007433702211
batch 5,2.9000000000000004,-5.116563734199657,0.8550824671379136
batch 5,2.95,-4.992942815523857,1.6142446482635318
batch 5,3.0,-4.794521325505041,2.3492234121863818
batch 5,3.0500000000000003,-4.52427186619457,3.0490078508695175
batch 5,3.1,-4.186243116757263,3.7031143117743794
batch 5,3.1500000000000004,-3.785499173419938,4.301743456583173
batch 5,3.2,-3.3280436858536215,4.835927066143171
batch 5,3.25,-2.8207299231330034,5.2976623863204235
batch 5,3.3000000000000003,-2.271158083715151,5.680032048128379
batch 5,3.35,-1.6875614408257924,5.977307681200103
batch 5,3.4000000000000004,-1.0786830057338517,6.1850357243185075
batch 5,3.45,-0.4536445436056866,6.300104150215695
batch 5,3.5,0.17819009303100433,6.320789092171604
batch 5,3.5500000000000003,0.8073552261567747,6.246780658015757
batch 5,3.6,1.4244251641023922,6.079187586251467
batch 5,3.6500000000000004,2.020155417087653,5.820520629235371
batch 5,3.7,2.585621197678835,5.474654945549555
batch 5,3.75,3.112351118373229,5.04677203745963
batch 5,3.8000000000000003,3.592454100183473,4.543282130241603
batch 5,3.85,4.018737595368589,3.971728137479363
batch 5,3.9000000000000004,4.38481532949054,3.340672671772333
batch 5,3.95,4.68520302991821,2.6595697095421977
batch 5,4.0,4.9154004992849565,1.9386230303842333
batch 5,4.05,5.071959078947892,1.1886333341010369
batch 5,4.1000000000000005,5.152533318162207,0.4208364175654898
batch 5,4.15,5.155916115417187,-0.3532651568056614
batch 5,4.2,5.082056797323161,-1.1220743761567258
batch 5,4.25,4.93206186753418,-1.8740735096534238
batch 5,4.3,4.708178439160601,-2.597996663065367
batch 5,4.3500000000000005,4.413760564015407,-3.2829985545736156
batch 5,4.4,4.0532189970341,-3.9188169929822596
batch 5,4.45,3.6319551052188768,-4.495926617636428
batch 5,4.5,3.156279959258692,-5.0056815898089235
batch 5,4.55,2.633319774789149,-5.440445140600742
batch 5,4.6000000000000005,2.0709091493058516,-5.793703974339081
batch 5,4.65,1.4774737001486886,-6.060165832196614
batch 5,4.7,0.8619038368495031,-6.235838780603032
batch 5,4.75,0.23342157072137298,-6.318091017672319
batch 5,4.800000000000001,-0.39855766625434985,-6.305690306868622
batch 5,4.8500000000000005,-1.024565998212015,-6.198822412638774
batch 5,4.9,-1.6352250432193363,-5.999088355239658
batch 5,4.95,-2.221386359770829,-5.70948040140695
batch 6,0.0,-3.0,0.0
batch 6,0.05,-2.9775281115074375,0.4488758292751838
batch 6,0.1,-2.9104491021239878,0.8910269470208759
batch 6,0.15000000000000002,-2.7997678881718744,1.3198293548401883
batch 6,0.2,-2.6471426453843723,1.728859058025228
batch 6,0.25,-2.4548598723817734,2.1119882764249396
batch 6,0.30000000000000004,-2.2258002017349483,2.4634772496709822
batch 6,0.35000000000000003,-1.96339524099769,2.778060232413978
batch 6,0.4,-1.6715761495892436,3.051024371994422
batch 6,0.45,-1.3547147459263273,3.2782803227636275
batch 6,0.5,-1.0175580104976554,3.4564235077346006
batch 6,0.55,-0.6651569749440049,3.582785118594165
batch 6,0.6000000000000001,-0.30279105074730406,3.655472098538553
batch 6,0.65,0.06411106376933212,3.673395505122484
batch 6,0.7000000000000001,0.4300527110240497,3.6362868230761
batch 6,0.75,0.7895516193810542,3.544701988640651
batch 6,0.8,1.137222079489964,3.4000130632789616
batch 6,0.8500000000000001,1.4678555229207175,3.2043876570114382
batch 6,0.9,1.7764986376582335,2.960756487600666
batch 6,0.9500000000000001,2.0585275602228297,2.6727694528606283
batch 6,1.0,2.309717149272679,2.3447409662482146
batch 6,1.05,2.5263042665562443,1.9815853053357675
batch 6,1.1,2.705044165105121,1.5887430007222623
batch 6,1.1500000000000001,2.8432590978789234,1.1720993263214958
batch 6,1.2000000000000002,2.9388784337088456,0.7378961302771931
batch 6,1.25,2.9904696718297075,0.292638317518543
batch 6,1.3,2.997259909240252,-0.1570035877515656
batch 6,1.35,2.959147417089325,-0.6042933864729172
batch 6,1.4000000000000001,2.876703171045167,-1.0425301115744947
batch 6,1.4500000000000002,2.751162290641559,-1.4651484251951234
batch 6,1.5,2.5844055355027473,-1.8658169749948343
batch 6,1.55,2.3789311278638254,-2.2385332392066775
batch 6,1.6,2.137817334352701,-2.5777134590248294
batch 6,1.6500000000000001,1.864676341916838,-2.878276286087308
batch 6,1.7000000000000002,1.5636001447324153,-3.1357189059547457
batch 6,1.75,1.2390992487160677,-3.346184506212448
batch 6,1.8,0.8960350870793292,-3.5065200485799837
batch 6,1.85,0.5395471922080861,-3.6143235053089446
batch 6,1.9000000000000001,0.17497620118880017,-3.667979845427546
batch 6,1.9500000000000002,-0.1922161463507598,-3.666685227978647
batch 6,2.0,-0.5565288703672912,-3.610459056571219
batch 6,2.0500000000000003,-0.9125040922816858,-3.5001436598101714
batch 6,2.1,-1.2548088513293103,-3.337391702287433
batch 6,2.15,-1.5783149911647891,-3.1246414117562087
batch 6,2.2,-1.8781759856139086,-2.865080058261342
batch 6,2.25,-2.1498995385183477,-2.5625961964870143
batch 6,2.3000000000000003,-2.389414889280846,-2.2217214165149395
batch 6,2.35,-2.5931337968209403,-1.8475624521308318
batch 6,2.4000000000000004,-2.7580042947298993,-1.4457246745917864
batch 6,2.45,-2.88155641539772,-1.022228120294908
batch 6,2.5,-2.9619391923382956,-0.5834173006025246
batch 6,2.5500000000000003,-2.997948390273751,-0.13586615435587168
batch 6,2.6,-2.9890445459969546,0.3137204387725283
batch 6,2.6500000000000004,-2.9353610502340306,0.7586071053882739
batch 6,2.7,-2.8377021492934476,1.192128882981985
batch 6,2.75,-2.69753089442494,1.60779106905466
batch 6,2.8000000000000003,-2.5169472297337827,1.9993665196060417
batch 6,2.85,-2.2986565254535942,2.360988941384678
batch 6,2.9000000000000004,-2.0459290518859463,2.687240775415406
batch 6,2.95,-1.762550985741077,2.9732343573468603
batch 6,3.0,-1.4527676950643067,3.2146851356282733
batch 6,3.0500000000000003,-1.1212201199526686,3.407975882503529
batch 6,3.1,-0.7728752582311802,3.550210862395318
batch 6,3.1500000000000004,-0.41295175378419996,3.639259217548456
batch 6,3.2,-0.046841713643784644,3.67378689135498
batch 6,3.25,0.3199700733003602,3.653276616175909
batch 6,3.3000000000000003,0.6819883055795719,3.5780356619491736
batch 6,3.35,1.033789497993623,3.449191233515462
batch 6,3.4000000000000004,1.3701032490982112,3.2686735818221253
batch 6,3.45,1.6858911293858783,3.0391870806647745
batch 6,3.5,1.976422231770426,2.7641697279798234
batch 6,3.5500000000000003,2.237344035372323,2.447741628202486
batch 6,3.6,2.4647476089778766,2.0946432759770426
batch 6,3.6500000000000004,2.6552261593383313,1.7101645280898963
batch 6,3.7,2.8059260786051063,1.3000653613224966
batch 6,3.75,2.9145896938832205,0.8704895788833806
batch 6,3.8000000000000003,2.9795890898753217,0.42787276789958156
batch 6,3.85,2.999950490715032,-0.02115411950326096
batch 6,3.9000000000000004,2.9753688562924374,-0.4698640934283619
batch 6,3.95,2.906212447508996,-0.9115349161151043
batch 6,4.0,2.793517316952356,-1.339549800061456
batch 6,4.05,2.6389717804464388,-1.7474965435941037
batch 6,4.1000000000000005,2.4448911240585813,-2.12926359261922
batch 6,4.15,2.214182917482655,-2.4791315938471956
batch 6,4.2,1.9503034600164522,-2.791859083923778
batch 6,4.25,1.6572059957861127,-3.062761008086835
batch 6,4.3,1.339281496547229,-3.2877789133233293
batch 6,4.3500000000000005,1.0012928729122366,-3.4635417482669357
batch 6,4.4,0.6483036214224991,-3.5874163666611874
batch 6,4.45,0.2856019657854192,-3.657546970272469
batch 6,4.5,-0.08137836135321558,-3.6728829132818577
batch 6,4.55,-0.447139547455466,-3.6331944498815436
batch 6,4.6000000000000005,-0.8062020222075545,-3.539076157465833
batch 6,4.65,-1.1531865733689124,-3.391938046526954
batch 6,4.7,-1.4828949359346886,-3.193984430760751
batch 6,4.75,-1.790387665316025,-2.9481809059552533
batch 6,4.800000000000001,-2.071058132858333,-2.6582099180120577
batch 6,4.8500000000000005,-2.320701541656004,-2.328415597902391
batch 6,4.9,-2.5355779194622476,-1.9637386802151406
batch 6,4.95,-2.712468147095316,-1.5696424834066849
batch 7,0.0,-3.0,-1.0
batch 7,0.05,-3.077278293815239,-0.54363355637897
batch 7,0.1,-3.108455089462053,-0.07912276945965052
batch 7,0.15000000000000002,-3.093063308519305,0.38657337646287376
batch 7,0.2,-3.0313335383655926,0.8464781636363087
batch 7,0.25,-2.9241905733162254,1.2937016381421327
batch 7,0.30000000000000004,-2.7732395503513176,1.7215438284275484
batch 7,0.35000000000000003,-2.5807418967190237,2.123595113434492
batch 7,0.4,-2.349581477442448,2.493832258004851
batch 7,0.45,-2.083221379011886,2.826708652816312
batch 7,0.5,-1.7856519993248277,3.1172373792104375
batch 7,0.55,-1.461331306336024,3.361065949435287
batch 7,0.6000000000000001,-1.1151180898881925,3.5545415879650886
batch 7,0.65,-0.752198980274631,3.6947657027361336
batch 7,0.7000000000000001,-0.3780109744444668,3.7796375635922668
batch 7,0.75,0.001840113002621907,3.8078856945765267
batch 7,0.8,0.3816636332353451,3.7790869049079303
batch 7,0.8500000000000001,0.7557693523551727,3.693672636320767
batch 7,0.9,1.1185526948267053,3.5529225021482205
batch 7,0.9500000000000001,1.4645787072124605,3.3589451173920377
batch 7,1.0,1.7886634788866476,3.1146465113274426
batch 7,1.05,2.0859518483069257,2.82368657412806
batch 7,1.1,2.351990033337083,2.490424251991573
batch 7,1.1500000000000001,2.5827924414869954,2.1198522395275194
batch 7,1.2000000000000002,2.774901360245601,1.717522169140348
batch 7,1.25,2.9254387638822688,1.2894614534131987
batch 7,1.3,3.0321494099784476,0.8420829796185028
batch 7,1.35,3.093434639977185,0.3820890418115014
batch 7,1.4000000000000001,3.108376322368813,-0.08362907272255118
batch 7,1.4500000000000002,3.0767506128120745,-0.548094318994113
batch 7,1.5,2.999031304454641,-1.0043484228617279
batch 7,1.55,2.8763827301772347,-1.4455561230857876
batch 7,1.6,2.7106423201440752,-1.8651075727487119
batch 7,1.6500000000000001,2.50429307432772,-2.256717362707208
batch 7,1.7000000000000002,2.2604263642643643,-2.6145186851180546
batch 7,1.75,1.9826956202963784,-2.933151225544911
batch 7,1.8,1.6752615974978644,-3.20784146596458
batch 7,1.85,1.3427300461567393,-3.4344742010749836
batch 7,1.9000000000000001,0.9900827076401881,-3.6096541871681227
batch 7,1.9500000000000002,0.6226026833050087,-3.730757007723336
batch 7,2.0,0.2457952932092491,-3.7959683878515538
batch 7,2.0500000000000003,-0.13469442590172154,-3.804311386127536
batch 7,2.1,-0.5131662587694835,-3.755661010743375
batch 7,2.15,-0.8839502120929044,-3.6507461019640717
batch 7,2.2,-1.2414914766811687,-3.491138417944394
batch 7,2.25,-1.5804336357347162,-3.279229083557553
batch 7,2.3000000000000003,-1.8956989090560223,-3.018192767659835
batch 7,2.35,-2.1825642255469635,-2.7119401228380173
batch 7,2.4000000000000004,-2.436731981690587,-2.3650591994308394
batch 7,2.45,-2.654394424331191,-1.9827467104262817
batch 7,2.5,-2.832290696433063,-1.5707301789209012
batch 7,2.5500000000000003,-2.9677556941781074,-1.1351821375999305
batch 7,2.6,-3.0587599754886385,-0.6826276345004836
batch 7,2.6500000000000004,-3.103940180354069,-0.21984650759114585
batch 7,2.7,-3.102619453573967,0.24622819942288504
batch 7,2.75,-3.0548175819613643,0.7086141008981626
batch 7,2.8000000000000003,-2.9612506980221607,1.1603840730867236
batch 7,2.85,-2.8233205478474197,1.59477003515297
batch 7,2.9000000000000004,-2.6430934984236605,2.0052643360513476
batch 7,2.95,-2.42326958003022,2.385717254664125
batch 7,3.0,-2.167142031011465,2.730429127582067
batch 7,3.0500000000000003,-1.8785479553511866,3.034235729081393
batch 7,3.1,-1.5618108659086605,3.292585657887323
batch 7,3.1500000000000004,-1.2216758839865964,3.5016085068911
batch 7,3.2,-0.8632386586845868,3.658172851242243
batch 7,3.25,-0.4918690358881456,3.7599331575239074
batch 7,3.3000000000000003,-0.11313059111284135,3.8053649349761796
batch 7,3.35,0.2673026978494542,3.7937875556691485
batch 7,3.4000000000000004,0.6437314546064247,3.725374459984187
batch 7,3.45,1.0105163016418952,3.6011505614037613
batch 7,3.5,1.3621623421128355,3.4229768922805457
batch 7,3.5500000000000003,1.6934014754611866,3.193522718127702
batch 7,3.6,1.9992713223494751,2.916225551812526
batch 7,3.6500000000000004,2.275189567343335,2.5952396538442795
batch 7,3.7,2.517022607613802,2.2353737973495846
batch 7,3.75,2.7211474797340856,1.842019226037118
batch 7,3.8000000000000003,2.884506142752444,1.421068894423977
batch 7,3.85,3.0046512713299447,0.9788291567160186
batch 7,3.9000000000000004,3.0797829413053965,0.5219253245194673
batch 7,3.95,3.1087755865021567,0.05720239213140854
batch 7,4.0,3.091194860550336,-0.40837750750540014
batch 7,4.05,3.0273041438587183,-0.8678394003378732
batch 7,4.1000000000000005,2.9180605963777535,-1.3142999704240141
batch 7,4.15,2.7651008261452312,-1.7410706742430229
batch 7,4.2,2.570716364284537,-2.1417579495086314
batch 7,4.25,2.3378193344680396,-2.510358997854953
batch 7,4.3,2.0698988135509855,-2.841351702261988
batch 7,4.3500000000000005,1.770968604397647,-3.1297773802073703
batch 7,4.4,1.4455070555766012,-3.371315050997397
batch 7,4.45,1.0983899907149928,-3.5623461770258493
batch 7,4.5,0.7348176624793971,-3.700008870459778
batch 7,4.55,0.36023684321140825,-3.7822407718837066
batch 7,4.6000000000000005,-0.019740786675890493,-3.8078099499363325
batch 7,4.65,-0.39942267616703714,-3.7763333392204284
batch 7,4.7,-0.7731207084464229,-3.6882824972327066
batch 7,4.75,-1.1352364180824268,-3.5449765375255726
batch 7,4.800000000000001,-1.4803448569698736,-3.3485623648008374
batch 7,4.8500000000000005,-1.8032758659034862,-3.1019825106340115
batch 7,4.9,-2.0991915315538936,-2.8089310514837393
batch 7,4.95,-2.363658663167875,-2.4737982691090057
batch 8,0.0,-3.0,-2.0
batch 8,0.05,-3.1770284699032034,-1.5361429426382487
batch 8,0.1,-3.3064610699655854,-1.04927248762334
batch 8,0.15000000000000002,-3.386358717921541,-0.5466826078334939
batch 8,0.2,-3.4155244446491992,-0.035902738066779544
batch 8,0.25,-3.393521329325672,0.4754149961962367
batch 8,0.30000000000000004,-3.3206789838737576,0.9796104177145779
batch 8,0.35000000000000003,-3.198088685106348,1.4691300416085107
batch 8,0.4,-3.027586990820121,1.9366402484064267
batch 8,0.45,-2.8117282314071286,2.375137144724399
batch 8,0.5,-2.553746242574312,2.7780514961727887
batch 8,0.55,-2.257505930983871,3.1393471182786685
batch 8,0.6000000000000001,-1.927445327835768,3.4536114008964325
batch 8,0.65,-1.568509160881117,3.716136240293651
batch 8,0.7000000000000001,-1.1860747525195505,3.9229886752479035
batch 8,0.75,-0.7858714512005083,4.0710697939720735
batch 8,0.8,-0.3738948058174524,4.158161159123813
batch 8,0.8500000000000001,0.0436832556365028,4.182958033974279
batch 8,0.9,0.4606068878022148,4.1450889297326
batch 8,0.9500000000000001,0.8706300496194007,4.045121171827071
batch 8,1.0,1.267610077009795,3.884552401797013
batch 8,1.05,1.6455997084550487,3.66578814440241
batch 8,1.1,1.9989361840565902,3.3921057644281176
batch 8,1.1500000000000001,2.3223260781373947,3.067605368604728
batch 8,1.2000000000000002,2.610924598659984,2.697148385705405
batch 8,1.25,2.8604081810563238,2.2862847257659675
batch 8,1.3,3.067039247394792,1.8411696435902847
batch 8,1.35,3.2277222048701266,1.368471523054663
batch 8,1.4000000000000001,3.340049820938134,0.8752719761102021
batch 8,1.4500000000000002,3.4023392862586874,0.3689597529805732
batch 8,1.5,3.4136574231429533,-0.1428799346739562
batch 8,1.55,3.373834684446967,-0.6525791437128842
batch 8,1.6,3.2834676460022725,-1.1525018737619852
batch 8,1.6500000000000001,3.1439101303190276,-1.6351586827923155
batch 8,1.7000000000000002,2.9572528792014334,-2.093318751365434
batch 8,1.75,2.7262922561451517,-2.5201182698646325
batch 8,1.8,2.4544883417896615,-2.909163243188599
batch 8,1.85,2.1459131003077956,-3.254625287423962
batch 8,1.9000000000000001,1.805189380813359,-3.5513289490076607
batch 8,1.9500000000000002,1.4374216502043706,-3.794829231610284
batch 8,2.0,1.0481195327473778,-3.9814781943834805
batch 8,2.0500000000000003,0.6431152637954448,-4.108479600610446
batch 8,2.1,0.228476317175536,-4.173930809170742
batch 8,2.15,-0.18958549329644764,-4.176851278548633
batch 8,2.2,-0.6048070757170821,-4.117197256229553
batch 8,2.25,-1.0109678871896732,-3.9958624343687363
batch 8,2.3000000000000003,-1.4019831289434557,-3.8146645610253604
batch 8,2.35,-1.7719948973459139,-3.5763182008350407
batch 8,2.4000000000000004,-2.1154599491386996,-3.2843940938428555
batch 8,2.45,-2.4272327453661107,-2.9432656271076163
batch 8,2.5,-2.7026425393957507,-2.5580433348381937
batch 8,2.5500000000000003,-2.9375633445694143,-2.1344983333875818
batch 8,2.6,-3.128475747931894,-1.678975866521186
batch 8,2.6500000000000004,-3.2725196535353227,-1.1983002198003083
batch 8,2.7,-3.3675370984710957,-0.6996725181544008
batch 8,2.75,-3.4121045958618628,-0.190562840951661
batch 8,2.8000000000000003,-3.4055544662560306,0.3214017049212513
batch 8,2.85,-3.347984841078163,0.8285512480365638
batch 8,2.9000000000000004,-3.2402581865929525,1.3232880508152998
batch 8,2.95,-3.0839883837167954,1.7982003326535223
batch 8,3.0,-2.8815165494844956,2.2461733090889977
batch 8,3.0500000000000003,-2.635875967593736,2.660495780446869
batch 8,3.1,-2.35074664410011,3.0349606744428974
batch 8,3.1500000000000004,-2.03040017941857,3.3639580303588086
batch 8,3.2,-1.6796357711432388,3.6425590518077136
batch 8,3.25,-1.3037083080699596,3.8665899529613514
batch 8,3.3000000000000003,-0.9082496554312331,4.032694471049833
batch 8,3.35,-0.4991842812546218,4.138384152191535
batch 8,3.4000000000000004,-0.08264049957515246,4.182075631953699
batch 8,3.45,0.3351413397441063,4.163114357315197
batch 8,3.5,0.7479023391429427,4.081784392130883
batch 8,3.5500000000000003,1.149458819620812,3.9393041617778195
batch 8,3.6,1.533794959844517,3.737808199531202
batch 8,3.6500000000000004,1.895152920483223,3.4803151696985593
batch 8,3.7,2.2281191382525933,3.1706826319485844
batch 8,3.75,2.5277053247998835,2.8135492717150443
batch 8,3.8000000000000003,2.7894232964929886,2.4142653999134827
batch 8,3.85,3.0093521893687796,1.9788127901103818
batch 8,3.9000000000000004,3.1841971969101017,1.5137150721206152
batch 8,3.95,3.3113389205628576,1.0259399948071195
batch 8,4.0,3.388872617381695,0.5227950434323452
batch 8,4.05,3.415636734720866,0.011817962773248647
batch 8,4.1000000000000005,3.391230311313629,-0.4993361675103529
batch 8,4.15,3.3160189878343376,-1.0030096135201088
batch 8,4.2,3.1911295234328807,-1.4916567136811678
batch 8,4.25,3.0184329201424314,-1.9579569182680159
batch 8,4.3,2.800516390124022,-2.394924463582226
batch 8,4.3500000000000005,2.540644597577532,-2.7960130249765154
batch 8,4.4,2.242710749052955,-3.155213790903345
batch 8,4.45,1.9111782685216072,-3.4671454814834295
batch 8,4.5,1.5510139281636475,-3.727134964154851
batch 8,4.55,1.1676134460629288,-3.9312872711726543
batch 8,4.6000000000000005,0.7667206442362224,-4.076543944063925
batch 8,4.65,0.3543414053262782,-4.160728853607673
batch 8,4.7,-0.0633463160257767,-4.182580807798903
batch 8,4.75,-0.48008503553537707,-4.141772436399391
batch 8,4.800000000000001,-0.8896314749705095,-4.038915096690967
batch 8,4.8500000000000005,-1.2858501132765436,-3.8755497214383596
batch 8,4.9,-1.6628050976796087,-3.6541237303924343
batch 8,4.95,-2.0148491679934026,-3.3779543639299505
batch 9,0.0,-3.0,-3.0
batch 9,0.05,-3.2767787059447184,-2.5286522193167724
batch 9,0.1,-3.504467116487635,-2.019422052407522
batch 9,0.15000000000000002,-3.679654158260512,-1.4799384591093225
batch 9,0.2,-3.79971536104319,-0.918283499217982
batch 9,0.25,-3.8628520366151258,-0.3428714954496813
batch 9,0.30000000000000004,-3.868118295014189,0.23767715310419021
batch 9,0.35000000000000003,-3.81543527925469,0.8146650863828286
batch 9,0.4,-3.705592228014261,1.3794482983597034
batch 9,0.45,-3.540234754395625,1.9235656298784862
batch 9,0.5,-3.3218401267045747,2.4388655275738134
batch 9,0.55,-3.0536801490552583,2.9176281439022023
batch 9,0.6000000000000001,-2.7397721982860657,3.3526810130479325
batch 9,0.65,-2.384818992451757,3.7375064712866735
batch 9,0.7000000000000001,-1.9941382562685797,4.06633942638966
batch 9,0.75,-1.573582801496398,4.334253487064319
batch 9,0.8,-1.1294530851665665,4.537234964325174
batch 9,0.8500000000000001,-0.6684027387389995,4.672242950194425
batch 9,0.9,-0.1973388776892129,4.737254854348848
batch 9,0.9500000000000001,0.27668136694226964,4.731296716548665
batch 9,1.0,0.7465565756044843,4.654457797699974
batch 9,1.05,1.2052474128095536,4.507889243140931
batch 9,1.1,1.6458821478577677,4.293786837373688
batch 9,1.1500000000000001,2.0618595078099964,4.01535809594198
batch 9,1.2000000000000002,2.4469476173259483,3.6767742315857475
batch 9,1.25,2.795377364523518,3.283107657581931
batch 9,1.3,3.101928834234,2.840255994177514
batch 9,1.35,3.3620095057104997,2.354853719033925
batch 9,1.4000000000000001,3.5717230407477243,1.8341727677605812
batch 9,1.4500000000000002,3.7279276676875055,1.2860135984134362
batch 9,1.5,3.8282832522284553,0.7185883306077828
batch 9,1.55,3.87128633044938,0.14039769785047734
batch 9,1.6,3.8562926655932297,-0.4398962709638217
batch 9,1.6500000000000001,3.7835268824324597,-1.0136000421196396
batch 9,1.7000000000000002,3.654079103418144,-1.5721188130056056
batch 9,1.75,3.469888618157468,-2.1070852673704987
batch 9,1.8,3.2337148281650796,-2.6104849352444597
batch 9,1.85,2.9490959169677606,-3.0747762540196812
batch 9,1.9000000000000001,2.6202958354060444,-3.4930035557231696
batch 9,1.9500000000000002,2.252240421938762,-3.8589012703257617
batch 9,2.0,1.8504435970687765,-4.166987774786388
batch 9,2.0500000000000003,1.4209247985152205,-4.412647555394899
batch 9,2.1,0.9701187579277132,-4.592200318332313
batch 9,2.15,0.5047791163881075,-4.702956137805084
batch 9,2.2,0.03187725285647844,-4.743255750736267
batch 9,2.25,-0.44150217840111583,-4.712495423408002
batch 9,2.3000000000000003,-0.9082673552488935,-4.611135980249354
batch 9,2.35,-1.3614255410583902,-4.440695912005823
batch 9,2.4000000000000004,-1.794187856275423,-4.203728625345199
batch 9,2.45,-2.2000709782937866,-3.9037841899625723
batch 9,2.5,-2.572994266523909,-3.545356150848188
batch 9,2.5500000000000003,-2.907370860716593,-3.133814211977831
batch 9,2.6,-3.1981913789414076,-2.675323790353265
batch 9,2.6500000000000004,-3.44109896301062,-2.1767536483669656
batch 9,2.7,-3.632454551459388,-1.6455729950488716
batch 9,2.75,-3.76939139648779,-1.0897395851245755
batch 9,2.8000000000000003,-3.8498580116459338,-0.5175805032506575
batch 9,2.85,-3.872648905631667,0.06233258717046175
batch 9,2.9000000000000004,-3.8374226420696576,0.6413118576200036
batch 9,2.95,-3.7447069536515216,1.210683469680588
batch 9,3.0,-3.5958908379398156,1.7619175185740483
batch 9,3.0500000000000003,-3.393203748737323,2.286755823791115
batch 9,3.1,-3.1396821943107374,2.777335646875514
batch 9,3.1500000000000004,-2.8391242473321863,3.2263074832628367
batch 9,3.2,-2.496032644390585,3.62694517017104
batch 9,3.25,-2.1155473297230696,3.973246650891871
batch 9,3.3000000000000003,-1.7033684522179244,4.2600238936134325
batch 9,3.35,-1.2656709702977995,4.482980614320412
batch 9,3.4000000000000004,-0.8090121537505843,4.6387766349166
batch 9,3.45,-0.3402333160618367,4.725077946175893
batch 9,3.5,0.1336426611715245,4.740591651820395
batch 9,3.5500000000000003,0.6055165105493758,4.685085326421051
batch 9,3.6,1.0683189550026353,4.55939051870175
batch 9,3.6500000000000004,1.5151166323744838,4.365390294292189
batch 9,3.7,1.939215956193366,4.105991026553011
batch 9,3.75,2.3342633833514204,3.7850788413818983
batch 9,3.8000000000000003,2.694340607141117,3.407461407765529
batch 9,3.85,3.0140532141954965,2.978795906643784
batch 9,3.9000000000000004,3.288611506690815,2.505504296271769
batch 9,3.95,3.5139022540562515,1.9946770793141346
batch 9,4.0,3.686550320928125,1.453967090873173
batch 9,4.05,3.803969223320496,0.891474846242864
batch 9,4.1000000000000005,3.864399878649542,0.3156271868282999
batch 9,4.15,3.866936958787474,-0.26494895723036066
batch 9,4.2,3.811542463605849,-0.8415558592955928
batch 9,4.25,3.6990462612468473,-1.4055551999012135
batch 9,4.3,3.5311336862549463,-1.9484975512682017
batch 9,4.3500000000000005,3.310320278873648,-2.462248950811634
batch 9,4.4,3.039914104346708,-2.9391127598689812
batch 9,4.45,2.723966187614712,-3.371944959110951
batch 9,4.5,2.367209826571636,-3.7542611769807634
batch 9,4.55,1.9749896797472148,-4.080333834289177
batch 9,4.6000000000000005,1.5531816996573378,-4.345277951994456
batch 9,4.65,1.10810510120682,-4.545124334025705
batch 9,4.7,0.6464276927768069,-4.676879029696551
batch 9,4.75,0.1750659828003084,-4.7385681877227945
batch 9,4.800000000000001,-0.2989184361779945,-4.7292676267142175
batch 9,4.8500000000000005,-0.7684246809411301,-4.649116680815596
batch 9,4.9,-1.2264189566506483,-4.4993161119821785
batch 9,4.95,-1.666039931673372,-4.282110120183603
batch 10,0.0,-2.0,0.0
batch 10,0.05,-1.985018741376004,0.2992505480692095
batch 10,0.1,-1.9402994020933835,0.5940179597572851
batch 10,0.15000000000000002,-1.8665119271169748,0.8798862318756773
batch 10,0.2,-1.7647617610325954,1.1525726970240056
batch 10,0.25,-1.6365732505174575,1.4079921758524507
batch 10,0.30000000000000004,-1.4838668058941407,1.64231815752588
batch 10,0.35000000000000003,-1.3089301672731168,1.852040144903095
batch 10,0.4,-1.1143841073290597,2.034016239039191
batch 10,0.45,-0.9031431769672343,2.1855202023570848
batch 10,0.5,-0.6783720266202982,2.3042823237121253
batch 10,0.55,-0.44343801124436494,2.3885233959505463
batch 10,0.6000000000000001,-0.20186073727066745,2.436981383766945
batch 10,0.65,0.04274066363883166,2.4489303247929244
batch 10,0.7000000000000001,0.2867017549429254,2.42419120946888
batch 10,0.75,0.5263676926191625,2.363134660712051
batch 10,0.8,0.7581479817182276,2.266675382880188
batch 10,0.8500000000000001,0.9785702723992573,2.1362584555195108
batch 10,0.9,1.1843323545455946,1.9738376852092885
batch 10,0.9500000000000001,1.3723516465857601,1.7818463392919597
batch 10,1.0,1.5398113792351507,1.5631606903218507
batch 10,1.05,1.6842027959566657,1.3210569245003458
batch 10,1.1,1.8033627347924537,1.0591620620006932
batch 10,1.1500000000000001,1.8955060287833179,0.7813996170416634
batch 10,1.2000000000000002,1.9592522559276713,0.49193082136842103
batch 10,1.25,1.9936464212637506,0.19509228422703823
batch 10,1.3,1.9981732522368088,-0.10466898368005101
batch 10,1.35,1.972764932983603,-0.40286217983566985
batch 10,1.4000000000000001,1.917802112812456,-0.6950199944939386
batch 10,1.4500000000000002,1.834108201351162,-0.9767655382471664
batch 10,1.5,1.7229370374709014,-1.243877905638965
batch 10,1.55,1.585954107003318,-1.49235541770245
batch 10,1.6,1.4252115872663291,-1.7184755691346234
batch 10,1.6500000000000001,1.24311760327865,-1.9188507950140516
batch 10,1.7000000000000002,1.04240014927309,-2.0904792209559417
batch 10,1.75,0.8260662220851341,-2.2307896312742677
batch 10,1.8,0.5973567841563395,-2.337680004253586
batch 10,1.85,0.3596981884971362,-2.409548984857358
batch 10,1.9000000000000001,0.11665086133349908,-2.4453198878037616
batch 10,1.9500000000000002,-0.1281440425378485,-2.4444568198282313
batch 10,2.0,-0.3710191840819699,-2.406972710622459
batch 10,2.0500000000000003,-0.6083359938176962,-2.3334291211628635
batch 10,2.1,-0.8365391700850803,-2.2249278253170623
batch 10,2.15,-1.0522099360444643,-2.083094308080084
batch 10,2.2,-1.2521172700347238,-1.9100534140031082
batch 10,2.25,-1.433266309958565,-1.708397514010175
batch 10,2.3000000000000003,-1.5929432158160843,-1.4811476674929607
batch 10,2.35,-1.7287558263810112,-1.231708363412914
batch 10,2.4000000000000004,-1.8386694995719897,-0.9638165188008648
batch 10,2.45,-1.9210375913594135,-0.6814854909476699
batch 10,2.5,-1.9746261235987923,-0.38894495119113454
batch 10,2.5500000000000003,-1.998632270803758,-0.09057752479131273
batch 10,2.6,-1.992696388526088,0.20914687092949052
batch 10,2.6500000000000004,-1.9569074058782774,0.5057379848233399
batch 10,2.7,-1.8918014877161897,0.7947525085425862
batch 10,2.75,-1.7983540015745423,1.0718606424230595
batch 10,2.8000000000000003,-1.6779649051282455,1.3329109560005168
batch 10,2.85,-1.5324377808414356,1.573992586968748
batch 10,2.9000000000000004,-1.3639528081511512,1.7914938289736546
batch 10,2.95,-1.1750340975024882,1.98215623381969
batch 10,3.0,-0.968511898115717,2.1431234416070164
batch 10,3.0500000000000003,-0.747480171186291,2.271983961216577
batch 10,3.1,-0.5152502504286065,2.3668073001254175
batch 10,3.1500000000000004,-0.2753012325018032,2.4261728856257583
batch 10,3.2,-0.031227861547332012,2.449191344824222
batch 10,3.25,0.2133133531096429,2.4355178405885143
batch 10,3.3000000000000003,0.45465886719573534,2.385357211252412
batch 10,3.35,0.6891930176228931,2.2994609261969807
batch 10,3.4000000000000004,0.91340218694024,2.1791158187563173
batch 10,3.45,1.123927441392198,2.0261248120934328
batch 10,3.5,1.3176148475577198,1.8427799036512449
batch 10,3.5500000000000003,1.49156272424646,1.6318278314577295
batch 10,3.6,1.6431651133647713,1.3964289232442575
batch 10,3.6500000000000004,1.7701508201416507,1.1401097508672058
batch 10,3.7,1.870617438681649,0.86671029821525
batch 10,3.75,1.9430598524828773,0.5803264333615802
batch 10,3.8000000000000003,1.986392782909724,0.28524854720161635
batch 10,3.85,1.9999670480534306,-0.014102721932998802
batch 10,3.9000000000000004,1.983579288268446,-0.3132427150937429
batch 10,3.95,1.93747501278312,-0.6076899384215813
batch 10,4.0,1.862344921419122,-0.8930332018076874
batch 10,4.05,1.759314556219731,-1.164997702962237
batch 10,4.1000000000000005,1.6299274435068014,-1.4195090708393694
batch 10,4.15,1.4761219654777802,-1.6527544047138716
batch 10,4.2,1.300202321478202,-1.8612393966690803
batch 10,4.25,1.1048040122058085,-2.041840675354504
batch 10,4.3,0.8928543535641813,-2.1918526049967593
batch 10,4.3500000000000005,0.6675286153138855,-2.3090278237813795
batch 10,4.4,0.432202459640962,-2.391610900910747
batch 10,4.45,0.19040136819409412,-2.4383646385997335
batch 10,4.5,-0.05425217443078437,-2.4485886069235696
batch 10,4.55,-0.2980929505021894,-2.4221296382377475
batch 10,4.6000000000000005,-0.5374679193532975,-2.359384121337665
batch 10,4.65,-0.7687909464108171,-2.2612920631454214
batch 10,4.7,-0.9885965346952876,-2.1293230045761264
batch 10,4.75,-1.193591703007444,-1.9654540040198396
batch 10,4.800000000000001,-1.380705360307301,-1.7721400261404967
batch 10,4.8500000000000005,-1.547134309226388,-1.5522771567074185
batch 10,4.9,-1.690385238627871,-1.3091592202363336
batch 10,4.95,-1.8083120682895488,-1.0464284289116894
batch 11,0.0,-2.0,-1.0
batch 11,0.05,-2.084768920709518,-0.6932588377774334
batch 11,0.1,-2.138305386077886,-0.37613175754651523
batch 11,0.15000000000000002,-2.159807342744478,-0.05336974895481225
batch 11,0.2,-2.1489526443855618,0.27019180497048123
batch 11,0.25,-2.105903930832574,0.5897055389087416
batch 11,0.30000000000000004,-2.0313061225381173,0.9003847336773545
batch 11,0.35000000000000003,-1.926276791085525,1.1975750241670238
batch 11,0.4,-1.7923894126427182,1.476824127168141
batch 11,0.45,-1.6316497813799375,1.733948535539257
batch 11,0.5,-1.446465991608085,1.9650962094386997
batch 11,0.55,-1.2396123581891583,2.1668042946306687
batch 11,0.6000000000000001,-1.0141877571743523,2.336050916794125
batch 11,0.65,-0.7735693401716643,2.4703005500572828
batch 11,0.7000000000000001,-0.5213618800905507,2.567541971193654
batch 11,0.75,-0.26134376199848963,2.6263183815859725
batch 11,0.8,0.0025896141217136015,2.6457492362771786
batch 11,0.8500000000000001,0.2664842015956619,2.6255434392145736
batch 11,0.9,0.5263865201863247,2.566003694042043
batch 11,0.9500000000000001,0.7784029041937665,2.46802198107655
batch 11,1.0,1.0187578316992112,2.333066189998885
batch 11,1.05,1.2438504841514642,2.1631581292019684
batch 11,1.1,1.4503086900198805,1.9608432352822538
batch 11,1.1500000000000001,1.6350394454932875,1.7291524402814011
batch 11,1.2000000000000002,1.7952752511949803,1.4715567639435352
batch 11,1.25,1.9286155729068837,1.1919153138487093
batch 11,1.3,2.0330628046654096,0.894417471042829
batch 11,1.35,2.1070521953736647,0.5835201278645189
batch 11,1.4000000000000001,2.149475290749409,0.263880918013393
batch 11,1.4500000000000002,2.159696539364235,-0.05971156060274953
batch 11,1.5,2.1375628140100456,-0.3824094851490478
batch 11,1.55,2.0834057046691594,-0.6993784342495677
batch 11,1.6,1.998036554435468,-1.0058698130116952
batch 11,1.6500000000000001,1.882734300457256,-1.2972919949488868
batch 11,1.7000000000000002,1.7392263157300425,-1.5692791092278533
batch 11,1.75,1.5696625311891592,-1.817756445197784
batch 11,1.8,1.376583225707833,-2.039001500425622
batch 11,1.85,1.1628809702673664,-2.2296997456779724
batch 11,1.9000000000000001,0.9317572940872993,-2.3869942809087035
batch 11,1.9500000000000002,0.6866747201330703,-2.5085286365900594
batch 11,2.0,0.4313048961758591,-2.5924820737732737
batch 11,2.0500000000000003,0.16947359316811414,-2.6375968612247034
batch 11,2.1,-0.0948966549094643,-2.6431971410561363
batch 11,2.15,-0.3578452381918764,-2.6091990000615324
batch 11,2.2,-0.6154328452837466,-2.536111769462807
batch 11,2.25,-0.8638004909407199,-2.4250303867376157
batch 11,2.3000000000000003,-1.0992273177437943,-2.2776189947814403
batch 11,2.35,-1.3181863357106935,-2.0960860014529508
batch 11,2.4000000000000004,-1.5173972629395125,-1.8831509997551565
batch 11,2.45,-1.693875668550743,-1.6420040237634248
batch 11,2.5,-1.8449776825253261,-1.3762577564239316
batch 11,2.5500000000000003,-1.9684396080154167,-1.0898934160078657
batch 11,2.6,-2.062411829081391,-0.7872010986674615
batch 11,2.6500000000000004,-2.1254865237853933,-0.4727155174839526
batch 11,2.7,-2.156718753671991,-0.15114806228781577
batch 11,2.75,-2.155640620611594,0.1726837815580905
batch 11,2.8000000000000003,-2.1222682763067042,0.4939286050851358
batch 11,2.85,-2.057101679691825,0.8077737563375578
batch 11,2.9000000000000004,-1.9611171096493651,1.109517438576892
batch 11,2.95,-1.8357525355400062,1.3946391521580133
batch 11,3.0,-1.682886076901849,1.6588674146682676
batch 11,3.0500000000000003,-1.5048078656840989,1.8982437543959012
batch 11,3.1,-1.3041857399740697,2.1091820092730247
batch 11,3.1500000000000004,-1.0840252704139135,2.288522062136203
batch 11,3.2,-0.84762473782565,2.4335771734813187
batch 11,3.25,-0.5985257191691202,2.5421742355393206
batch 11,3.3000000000000003,-0.34046003202851377,2.612686327091597
batch 11,3.35,-0.07729382797849019,2.6440570874237146
batch 11,3.4000000000000004,0.18703032703357744,2.635816543426475
batch 11,3.45,0.4485525526729275,2.588088159882781
batch 11,3.5,0.703354899962807,2.501586954845668
batch 11,3.5500000000000003,0.9476201016008231,2.377608825682622
batch 11,3.6,1.1776887571197694,2.218011117603267
batch 11,3.6500000000000004,1.3901141530012997,2.0251848102251357
batch 11,3.7,1.5817138885304876,1.8020186828288154
batch 11,3.75,1.749617558607543,1.5518560459013395
batch 11,3.8000000000000003,1.8913097550461087,1.278444651014346
batch 11,3.85,2.004667750863134,0.9858805453018894
batch 11,3.9000000000000004,2.0879932999585455,0.678546706448599
batch 11,3.95,2.1400380807495787,0.36104738255797153
batch 11,4.0,2.1600223960311373,0.038139112561681954
batch 11,4.05,2.1476468555677726,-0.28534053057266906
batch 11,4.1000000000000005,2.10309686070137,-0.6045454143541813
batch 11,4.15,2.0270398265451286,-0.9146934476158749
batch 11,4.2,1.920615183248223,-1.211138222229602
batch 11,4.25,1.785417305676474,-1.4894386224868474
batch 11,4.3,1.623471623817867,-1.745425355285388
batch 11,4.3500000000000005,1.4372042943512957,-1.9752634171087353
batch 11,4.4,1.2294058346014711,-2.1755095452632918
batch 11,4.45,1.003189327733661,-2.3431638007911433
batch 11,4.5,0.7619437818973511,-2.4757145120748483
batch 11,4.55,0.5092833674260031,-2.5711758975347396
batch 11,4.6000000000000005,0.2489932355655909,-2.6281178426438503
batch 11,4.65,-0.015027132303213592,-2.645687273744561
batch 11,4.7,-0.27882237446011104,-2.6236209768266536
batch 11,4.75,-0.5384405044989724,-2.5622495309588205
batch 11,4.800000000000001,-0.7899921171797897,-2.4624923594056884
batch 11,4.8500000000000005,-1.0297086537115738,-2.325843951155098
batch 11,4.9,-1.253998858258911,-2.1543514711088143
batch 11,4.95,-1.4595025811116817,-1.9505840928790765
batch 12,0.0,-2.0,-2.0
batch 12,0.05,-2.1845191397722656,-1.6857681431459057
batch 12,0.1,-2.3363114125137274,-1.3462813664007038
batch 12,0.15000000000000002,-2.453102773961267,-0.9866256339437371
batch 12,0.2,-2.5331435741182817,-0.6121889948813185
batch 12,0.25,-2.575234693570054,-0.22858099294678239
batch 12,0.30000000000000004,-2.5787455573749782,0.15845143496933037
batch 12,0.35000000000000003,-2.5436235765059267,0.5431100591490943
batch 12,0.4,-2.470394904979099,0.9196322129488221
batch 12,0.45,-2.36015660650865,1.2823771182252603
batch 12,0.5,-2.214560190081292,1.6259104000596443
batch 12,0.55,-2.03578687369508,1.945085496047846
batch 12,0.6000000000000001,-1.8265149064935917,2.2351207622098057
batch 12,0.65,-1.5898794561994045,2.4916710894934178
batch 12,0.7000000000000001,-1.3294256008820384,2.710893072156723
batch 12,0.75,-1.0490552707286893,2.889502467242823
batch 12,0.8,-0.7529687726954122,3.024823473133566
batch 12,0.8500000000000001,-0.44560185471412894,3.114828809917532
batch 12,0.9,-0.13155925982570307,3.1581700873995366
batch 12,0.9500000000000001,0.18445425929429565,3.1541980001303096
batch 12,1.0,0.497704422098427,3.102972054619362
batch 12,1.05,0.8034983465298258,3.005259679367994
batch 12,1.1,1.0972548538829925,2.8625247264833305
batch 12,1.1500000000000001,1.3745731011847808,2.676905548128601
batch 12,1.2000000000000002,1.6312985119322094,2.4511829542189463
batch 12,1.25,1.8635850170191064,2.188738552873527
batch 12,1.3,2.067952666614042,1.8935040974896509
batch 12,1.35,2.2413397782167723,1.5699025734000327
batch 12,1.4000000000000001,2.381148798665466,1.2227819358169716
batch 12,1.4500000000000002,2.48528521450844,0.8573424876926097
batch 12,1.5,2.5521889312808863,0.47905897166042744
batch 12,1.55,2.5808576473199847,0.09359855069744134
batch 12,1.6,2.5708618713545266,-0.2932641071261191
batch 12,1.6500000000000001,2.522351346881715,-0.675733297072315
batch 12,1.7000000000000002,2.4360528250103215,-1.0480791541161154
batch 12,1.75,2.3132591646241334,-1.4047234641614095
batch 12,1.8,2.155809970031245,-1.7403232478933839
batch 12,1.85,1.9660640279756596,-2.0498507989739947
batch 12,1.9000000000000001,1.7468639840019176,-2.3286689813390407
batch 12,1.9500000000000002,1.5014937081261164,-2.5726008077281595
batch 12,2.0,1.233629160904669,-2.7779918395270227
batch 12,2.0500000000000003,0.9472832925488267,-2.941765058382159
batch 12,2.1,0.6467459288192634,-3.0614669268960593
batch 12,2.15,0.33651949725943336,-3.1353041582017642
batch 12,2.2,0.021251578821358863,-3.162170588119293
batch 12,2.25,-0.29433471686665674,-3.1416637186361753
batch 12,2.3000000000000003,-0.6055115085903239,-3.074090770472431
batch 12,2.35,-0.9076169768373041,-2.960464065746962
batch 12,2.4000000000000004,-1.1961251986002395,-2.8024858827205814
batch 12,2.45,-1.4667139575110182,-2.6025229308290636
batch 12,2.5,-1.7153294941600687,-2.3635709088590686
batch 12,2.5500000000000003,-1.9382472355123803,-2.0892096184439493
batch 12,2.6,-2.1321275890899107,-1.7835493415900416
batch 12,2.6500000000000004,-2.2940659820684464,-1.4511692586574783
batch 12,2.7,-2.4216363799929495,-1.0970488363558752
batch 12,2.75,-2.5129276182399836,-0.7264932437948171
batch 12,2.8000000000000003,-2.5665720398474723,-0.3450538696351062
batch 12,2.85,-2.5817659854466357,0.04155485223298902
batch 12,2.9000000000000004,-2.558281827513639,0.4275410343775247
batch 12,2.95,-2.4964713881561487,0.807122114985974
batch 12,3.0,-2.3972606639354512,1.174611489374074
batch 12,3.0500000000000003,-2.262135957599278,1.5245037044327736
batch 12,3.1,-2.093121607032688,1.851556933938714
batch 12,3.1500000000000004,-1.8927496657483998,2.1508714973429046
batch 12,3.2,-1.6640219525517246,2.417963306792927
batch 12,3.25,-1.4103650878483056,2.6488310053644284
batch 12,3.3000000000000003,-1.1355791728480311,2.8400158859727687
batch 12,3.35,-0.8437808539854876,2.9886537465374046
batch 12,3.4000000000000004,-0.5393416352664818,3.092517800428272
batch 12,3.45,-0.22682239858077402,3.15005204532019
batch 12,3.5,0.08909492478513331,3.160394542336299
batch 12,3.5500000000000003,0.4036774947994328,3.1233903496009416
batch 12,3.6,0.7122124686276815,3.039593834775897
batch 12,3.6500000000000004,1.0100776027165455,2.9102603732651704
batch 12,3.7,1.2928105015527815,2.7373275458795416
batch 12,3.75,1.5561754701275985,2.5233861058009825
batch 12,3.8000000000000003,1.7962269705612244,2.271641164724518
batch 12,3.85,2.0093687292943287,1.985864178844353
batch 12,3.9000000000000004,2.1924076065096574,1.6703364567738017
batch 12,3.95,2.3426014594164477,1.3297849940969872
batch 12,4.0,2.457700194167706,0.9693116805236275
batch 12,4.05,2.5359794883043585,0.5943168593524069
batch 12,4.1000000000000005,2.5762666189677934,0.21041842500516963
batch 12,4.15,2.577958034718349,-0.17663234111033962
batch 12,4.2,2.541028396030207,-0.561036931832973
batch 12,4.25,2.466030956044603,-0.9370364850715696
batch 12,4.3,2.3540892714601096,-1.2989980802459078
batch 12,4.3500000000000005,2.2068803630138083,-1.641499049503474
batch 12,4.4,2.0266096062324293,-1.959408290192559
batch 12,4.45,1.8159776827761707,-2.2479631223945526
batch 12,4.5,1.57814012658198,-2.502840637362214
batch 12,4.55,1.3166600428427746,-2.720222447591793
batch 12,4.6000000000000005,1.0354547331902848,-2.8968519005133135
batch 12,4.65,0.738737008555759,-3.030082866693974
batch 12,4.7,0.4309520750140192,-3.1179193815373094
batch 12,4.75,0.1167109340750207,-3.1590455402802005
batch 12,4.800000000000001,-0.1992786852905039,-3.1528452191147354
batch 12,4.8500000000000005,-0.5122828625695689,-3.09941130438758
batch 12,4.9,-0.8176123993121615,-2.999544306536967
batch 12,4.95,-1.1106930745932906,-2.8547403599472636
batch 13,0.0,-1.0,0.0
batch 13,0.05,-0.9925093713922438,0.14962526718502614
batch 13,0.1,-0.9701497020624351,0.29700897244849694
batch 13,0.15000000000000002,-0.9332559683388024,0.4399431098069165
batch 13,0.2,-0.8823808749509139,0.5762863397090956
batch 13,0.25,-0.8182866241224526,0.7039960779721474
batch 13,0.30000000000000004,-0.7419334074079941,0.8211590693152353
batch 13,0.35000000000000003,-0.6544650902104668,0.9260200627532261
batch 13,0.4,-0.557192061810174,1.0170081099656834
batch 13,0.45,-0.4515715948799604,1.092760095786753
batch 13,0.5,-0.33918602314649904,1.152141154562642
batch 13,0.55,-0.22171901807536998,1.1942616914166186
batch 13,0.6000000000000001,-0.10093038426543371,1.2184906856624895
batch 13,0.65,0.021370313353238902,1.2244651580091557
batch 13,0.7000000000000001,0.1433508562868061,1.2120956026451628
batch 13,0.75,0.26318382270888063,1.1815673314467299
batch 13,0.8,0.3790739640886846,1.1333376962276398
batch 13,0.8500000000000001,0.48928510039042855,1.068129237672715
batch 13,0.9,0.592166130240806,0.98691886056033
batch 13,0.9500000000000001,0.6861757664870464,0.8909231985248768
batch 13,1.0,0.7699056266266139,0.7815803873772169
batch 13,1.05,0.8421013321426154,0.660528519975581
batch 13,1.1,0.9016813006688735,0.5295811055661694
batch 13,1.1500000000000001,0.9477529494542758,0.3906999011053652
batch 13,1.2000000000000002,0.9796260673676295,0.24596552168771935
batch 13,1.25,0.9968231551418004,0.09754627025956572
batch 13,1.3,0.9990865788428285,-0.05233434606934112
batch 13,1.35,0.9863824301501796,-0.2014309272695075
batch 13,1.4000000000000001,0.9589010355557015,-0.34750983680217146
batch 13,1.4500000000000002,0.9170540948505493,-0.4883826124382242
batch 13,1.5,0.861468528386421,-0.6219388021201202
batch 13,1.55,0.7929770774703004,-0.7461775631231437
batch 13,1.6,0.7126058300548694,-0.8592376425601241
batch 13,1.6500000000000001,0.6215588501372621,-0.9594252613056398
batch 13,1.7000000000000002,0.5212001349203644,-1.0452394813014778
batch 13,1.75,0.4130331850383772,-1.1153946979261153
batch 13,1.8,0.2986784777551332,-1.1688398980811938
batch 13,1.85,0.179849190681357,-1.2047744057545795
batch 13,1.9000000000000001,0.05832553558898705,-1.2226598763660583
batch 13,1.9500000000000002,-0.06407191003419627,-1.2222283630446622
batch 13,2.0,-0.18550947891548275,-1.2034863289676465
batch 13,2.0500000000000003,-0.30416788278816903,-1.1667145540541233
batch 13,2.1,-0.418269469384465,-1.1124639262214602
batch 13,2.15,-0.5261048534826198,-1.0415471881753793
batch 13,2.2,-0.6260585251829198,-0.9550267616131239
batch 13,2.25,-0.7166330523606201,-0.8541988302712614
batch 13,2.3000000000000003,-0.7964715133133267,-0.7405739216941228
batch 13,2.35,-0.8643778280297769,-0.6158542834278479
batch 13,2.4000000000000004,-0.9193346744585688,-0.4819083716805763
batch 13,2.45,-0.9605187296614418,-0.34074286592276454
batch 13,2.5,-0.9873130047760051,-0.1944726023997122
batch 13,2.5500000000000003,-0.9993160876934065,-0.04528889458480992
batch 13,2.6,-0.996348157187683,0.10457329831772
batch 13,2.6500000000000004,-0.978453676486354,0.2528688514915019
batch 13,2.7,-0.9459007275248934,0.3973761110786022
batch 13,2.75,-0.8991769943757832,0.5359301761562296
batch 13,2.8000000000000003,-0.8389824574537775,0.6664553324522356
batch 13,2.85,-0.7662189066710258,0.7869961486670465
batch 13,2.9000000000000004,-0.6819764316770457,0.8957467716065032
batch 13,2.95,-0.5875170908164512,0.991077979961931
batch 13,3.0,-0.4842560056636586,1.0715615939149925
batch 13,3.0500000000000003,-0.3737401547418138,1.135991865857086
batch 13,3.1,-0.25762520545837925,1.1834035494416255
batch 13,3.1500000000000004,-0.13765070577224475,1.2130863580423792
batch 13,3.2,-0.01561402460841059,1.224595605843531
batch 13,3.25,0.1066565746725914,1.2177588698411075
batch 13,3.3000000000000003,0.22732932500607908,1.192678572528473
batch 13,3.35,0.34459639633715733,1.1497304476943846
batch 13,3.4000000000000004,0.4567009802550361,1.089557912745749
batch 13,3.45,0.5619636087282368,1.0130624271639987
batch 13,3.5,0.6588073144584294,0.921389988664195
batch 13,3.5500000000000003,0.7457812572331659,0.815913968567795
batch 13,3.6,0.8215824575420834,0.6982145292318144
batch 13,3.6500000000000004,0.8850753180973296,0.5700549568747932
batch 13,3.7,0.9353086357723761,0.433355243370152
batch 13,3.75,0.971529852296516,0.2901633223397773
batch 13,3.8000000000000003,0.9931963281091987,0.14262438928777185
batch 13,3.85,0.999983472200876,-0.007051236915557457
batch 13,3.9000000000000004,0.9917896045010807,-0.15662122673147996
batch 13,3.95,0.9687374795402753,-0.3038448335986072
batch 13,4.0,0.9311724471260705,-0.44651646213403506
batch 13,4.05,0.8796572791161494,-0.5824987106569252
batch 13,4.1000000000000005,0.8149637376598546,-0.709754393731195
batch 13,4.15,0.7380610135996524,-0.8263770621538608
batch 13,4.2,0.6501012064395864,-0.9306195620729317
batch 13,4.25,0.5524020648860746,-1.0209202094378564
batch 13,4.3,0.4464272504022325,-1.0959261810051895
batch 13,4.3500000000000005,0.3337643946009328,-1.1545138011285263
batch 13,4.4,0.21610132945862046,-1.195805351804667
batch 13,4.45,0.09520079501881933,-1.2191822354208526
batch 13,4.5,-0.02712596658038241,-1.2242942360553122
batch 13,4.55,-0.14904634672812211,-1.211064770004104
batch 13,4.6000000000000005,-0.2687338247998726,-1.1796920310693886
batch 13,4.65,-0.3843953318696472,-1.130646022471774
batch 13,4.7,-0.49429811313603733,-1.0646615150861434
batch 13,4.75,-0.5967956867496882,-0.9827270398777451
batch 13,4.800000000000001,-0.6903525102009193,-0.8860700783657331
batch 13,4.8500000000000005,-0.7735669846677735,-0.7761386734351275
batch 13,4.9,-0.845192452734123,-0.654579735822711
batch 13,4.95,-0.9041558748835039,-0.52321437131751
batch 14,0.0,-1.0,1.0
batch 14,0.05,-0.892759169318534,1.1421346811201727
batch 14,0.1,-0.772143685557319,1.2671587153463566
batch 14,0.15000000000000002,-0.6399605203328649,1.3731991072564906
batch 14,0.2,-0.49818994524894317,1.458667245756876
batch 14,0.25,-0.34895585570126014,1.5222827139636674
batch 14,0.30000000000000004,-0.19449396630006588,1.5630924553905101
batch 14,0.35000000000000003,-0.037118326299983774,1.5804851309819294
batch 14,0.4,0.12081339565555638,1.57420015151822
batch 14,0.45,0.2769351830715581,1.54433166502204
batch 14,0.5,0.4289081340452977,1.491327143997316
batch 14,0.55,0.5744555005726261,1.415980665883642
batch 14,0.6000000000000001,0.7113967990566228,1.319421015664083
batch 14,0.65,0.8376804762875236,1.2030947795090976
batch 14,0.7000000000000001,0.9514146459878773,1.068744670220518
batch 14,0.75,1.0508954270250237,0.9183834216269953
batch 14,0.8,1.1346324722615488,0.7542636343790573
batch 14,0.8500000000000001,1.2013712954616522,0.5788440294107299
batch 14,0.9,1.2501120651268733,0.3947526130930153
batch 14,0.9500000000000001,1.2801245828483059,0.20474730814827635
batch 14,1.0,1.2909592269727255,0.011674624734223177
batch 14,1.05,1.282453680100444,-0.18157296841764559
batch 14,1.1,1.2547353614989656,-0.3721003712965828
batch 14,1.1500000000000001,1.2082195257337798,-0.5570532395509229
batch 14,1.2000000000000002,1.1436030376196133,-0.7336607465216015
batch 14,1.25,1.0618539364003334,-0.8992770927884738
batch 14,1.3,0.9641969249070527,-1.0514211357910757
batch 14,1.35,0.8520950292356622,-1.1878135665795782
batch 14,1.4000000000000001,0.7272276765718235,-1.306411054734993
batch 14,1.4500000000000002,0.5914655372102403,-1.405436860553601
batch 14,1.5,0.4468424990335927,-1.4834074527810044
batch 14,1.55,0.295525197131488,-1.539154733890411
batch 14,1.6,0.13978055813773516,-1.5718435452463426
batch 14,1.6500000000000001,-0.018058172926071453,-1.5809841587643163
batch 14,1.7000000000000002,-0.17562637040798645,-1.5664396395255198
batch 14,1.75,-0.3305634645261991,-1.528427884019248
batch 14,1.8,-0.48054830420565614,-1.467518355037973
batch 14,1.85,-0.6233339262030814,-1.3846235507655296
batch 14,1.9000000000000001,-0.7567812225078921,-1.2809853415691328
batch 14,1.9500000000000002,-0.8788909850261105,-1.1581563596915778
batch 14,2.0,-0.987833855566743,-1.0179767373734874
batch 14,2.0500000000000003,-1.0819777318189394,-0.8625465382871523
batch 14,2.1,-1.1599122199330203,-0.6941943047136223
batch 14,2.15,-1.2204697641468778,-0.5154421661153911
batch 14,2.2,-1.2627431364930828,-0.3289680537987322
batch 14,2.25,-1.286099025582316,-0.13756558249211087
batch 14,2.3000000000000003,-1.2901875311094595,0.05589779649943308
batch 14,2.35,-1.2749474019811144,0.24852375803161508
batch 14,2.4000000000000004,-1.2406069570662073,0.43742652097383977
batch 14,2.45,-1.187680656639687,0.6197760862757699
batch 14,2.5,-1.1169614037309754,0.792840625786567
batch 14,2.5500000000000003,-1.029508662137031,0.9540274155403283
batch 14,2.6,-0.9266325843459563,1.1009216746099924
batch 14,2.6500000000000004,-0.8098743837144384,1.2313227416933619
batch 14,2.7,-0.6809832439814627,1.343277044970574
batch 14,2.75,-0.5418901163808431,1.4351073665150822
batch 14,2.8000000000000003,-0.3946787906281787,1.505437971528279
batch 14,2.85,-0.24155467974656353,1.5532152188935517
batch 14,2.9000000000000004,-0.08481177654835295,1.577723345201987
batch 14,2.95,0.07320171327669335,1.5785951893581918
batch 14,3.0,0.23011854914049518,1.5558176903595569
batch 14,3.0500000000000003,0.3835879190324289,1.5097320840626738
batch 14,3.1,0.5313106569812567,1.4410287913529252
batch 14,3.1500000000000004,0.6710736899393991,1.3507370753609693
batch 14,3.2,0.8007832075777412,1.2402096165459175
batch 14,3.25,0.9184959856559225,1.1111022537792101
batch 14,3.3000000000000003,1.0224485350047425,0.9653491804959897
batch 14,3.35,1.1110835144870148,0.8051339593779682
batch 14,3.4000000000000004,1.1830730645088796,0.6328568175367534
batch 14,3.45,1.2373386899559033,0.45109868277819387
batch 14,3.5,1.273067423832691,0.26258252133702636
batch 14,3.5500000000000003,1.2897240047421312,0.07013254265838231
batch 14,3.6,1.2870588960372797,-0.12336811047958943
batch 14,3.6500000000000004,1.265112024497888,-0.3150205544035338
batch 14,3.7,1.2242121816600153,-0.5019535944671734
batch 14,3.75,1.1649720986490892,-0.6813667381034263
batch 14,3.8000000000000003,1.088279266192384,-0.8505721506014261
batch 14,3.85,0.9952826395629784,-1.0070349215869012
batch 14,3.9000000000000004,0.8873754253847028,-1.1484110417514268
batch 14,3.95,0.7661742096207766,-1.272582518756199
batch 14,4.0,0.6334947386580063,-1.3776891070581876
batch 14,4.05,0.4913247181894419,-1.4621561765998996
batch 14,4.1000000000000005,0.34179403511699497,-1.5247183046876653
batch 14,4.15,0.1871428474621571,-1.5644382325132178
batch 14,4.2,0.029688024630062263,-1.5807209057658662
batch 14,4.25,-0.12821156224588834,-1.5733223896882076
batch 14,4.3,-0.28419036904226097,-1.5423535231274872
batch 14,4.3500000000000005,-0.4359116589188909,-1.4882782633005318
batch 14,4.4,-0.5811024462214273,-1.4119067200482018
batch 14,4.45,-0.7175875881363103,-1.3143830356060426
batch 14,4.5,-0.843322362372887,-1.1971682372384955
batch 14,4.55,-0.9564231037466626,-1.0620183499250395
batch 14,4.6000000000000005,-1.0551954235299252,-0.9109580904378788
batch 14,4.65,-1.1381595871936396,-0.7462505306976102
batch 14,4.7,-1.2040726872698362,-0.5703631980731085
batch 14,4.75,-1.2519472649204322,-0.3859311081487783
batch 14,4.800000000000001,-1.281066096640753,-0.19571728292898666
batch 14,4.8500000000000005,-1.2909929466704264,-0.002571365291373473
batch 14,4.9,-1.2815790985329951,0.19061307528184646
batch 14,4.95,-1.252965579814895,0.38094189553986063
